ticker,start,end,index_name
AA,2021-12-20,2024-12-31,SP400
AAL,2024-09-23,2024-12-31,SP400
AAON,2024-05-03,2024-12-31,SP400
AAXN,2019-07-01,2024-12-31,SP400
ABMD,2014-09-30,2018-05-31,SP400
ACC,2014-09-30,2022-08-10,SP400
ACHC,2017-04-06,2024-12-31,SP400
ACI,2025-03-11,2024-12-31,SP400
ACIW,2014-09-30,2023-11-13,SP400
ACM,2014-09-30,2024-12-31,SP400
ADC,2023-02-06,2024-12-31,SP400
ADNT,2018-08-22,2024-09-23,SP400
ADS,2020-06-22,2024-12-31,SP400
AEO,2014-09-30,2022-09-19,SP400
AFG,2014-09-30,2024-12-31,SP400
AGCO,2014-09-30,2024-12-31,SP400
AHL,2014-09-30,2019-02-21,SP400
AIRC,2020-12-21,2024-06-28,SP400
AIT,2024-03-18,2024-12-31,SP400
AJG,2014-09-30,2016-05-27,SP400
ALB,2014-09-30,2016-06-30,SP400
ALE,2018-03-07,2024-12-31,SP400
ALEX,2014-09-30,2020-02-07,SP400
ALGM,2022-12-19,2024-12-31,SP400
ALGN,2014-09-30,2017-06-19,SP400
ALK,2014-09-30,2016-05-12,SP400
ALK,2025-03-24,2024-12-31,SP400
ALLY,2023-09-18,2024-12-31,SP400
ALTM,2024-01-02,2025-03-06,SP400
ALTR,2024-06-24,2025-03-31,SP400
ALV,2023-03-20,2024-12-31,SP400
AM,2019-09-23,2024-12-31,SP400
AMCX,2014-09-30,2020-12-02,SP400
AMD,2014-09-30,2017-03-20,SP400
AMED,2019-02-21,2024-12-31,SP400
AMG,2019-12-13,2024-12-31,SP400
AMH,2024-03-01,2024-12-31,SP400
AMKR,2021-02-16,2024-12-31,SP400
AN,2017-08-08,2024-12-31,SP400
ANF,2014-09-30,2016-10-03,SP400
ANF,2024-07-22,2024-12-31,SP400
ANSS,2014-09-30,2017-06-19,SP400
AOL,2014-09-30,2015-06-25,SP400
AOS,2014-09-30,2017-07-26,SP400
APG,2025-06-24,2024-12-31,SP400
APOL,2014-09-30,2015-11-30,SP400
APPF,2024-04-01,2024-12-31,SP400
APPS,2021-09-07,2022-06-29,SP400
APY,2018-05-10,2024-12-31,SP400
AR,2022-10-20,2024-12-31,SP400
ARE,2014-09-30,2017-03-20,SP400
ARMK,2023-03-20,2024-12-31,SP400
ARW,2014-09-30,2024-12-31,SP400
ARWR,2019-12-13,2025-01-27,SP400
ASB,2014-09-30,2024-12-31,SP400
ASGN,2018-10-11,2024-12-31,SP400
ASH,2014-09-30,2024-12-31,SP400
ASNA,2014-09-30,2016-11-10,SP400
ATGE,2014-09-30,2021-07-07,SP400
ATI,2015-07-01,2020-09-21,SP400
ATI,2025-03-24,2024-12-31,SP400
ATML,2014-09-30,2016-04-06,SP400
ATR,2014-09-30,2024-12-31,SP400
ATW,2014-09-30,2016-01-19,SP400
AVAV,2025-07-18,2024-12-31,SP400
AVNS,2014-09-30,2021-05-17,SP400
AVNT,2014-09-30,2024-12-31,SP400
AVP,2014-09-30,2018-03-19,SP400
AVT,2014-09-30,2024-12-31,SP400
AVTR,2024-07-26,2024-12-31,SP400
AXON,2014-09-30,2023-05-04,SP400
AXTA,2023-03-20,2024-12-31,SP400
AYI,2014-09-30,2016-05-03,SP400
AYI,2018-06-18,2024-12-31,SP400
AZPN,2021-05-17,2025-03-11,SP400
AZTA,2014-09-30,2024-11-25,SP400
BBBY,2017-07-26,2020-06-22,SP400
BBG,2014-09-30,2014-09-30,SP400
BBWI,2025-03-24,2024-12-31,SP400
BC,2014-09-30,2024-12-31,SP400
BCO,2017-09-18,2024-12-31,SP400
BDC,2014-09-30,2024-12-31,SP400
BEAV,2014-09-30,2017-04-19,SP400
BERY,2023-06-19,2025-05-01,SP400
BFH,2014-09-30,2022-11-02,SP400
BHF,2019-04-03,2024-12-31,SP400
BID,2014-09-30,2019-10-03,SP400
BILL,2024-12-23,2024-12-31,SP400
BIO,2014-09-30,2020-06-22,SP400
BIO,2024-09-23,2024-12-31,SP400
BIVV,2017-02-03,2018-03-08,SP400
BJ,2019-10-30,2024-12-31,SP400
BKH,2014-09-30,2024-12-31,SP400
BLD,2020-06-30,2024-12-31,SP400
BLDR,2020-08-17,2023-12-18,SP400
BLKB,2017-06-29,2024-12-31,SP400
BMR,2014-09-30,2016-01-27,SP400
BMRN,2024-06-24,2024-12-31,SP400
BMS,2014-09-30,2019-06-07,SP400
BOH,2014-09-30,2023-06-01,SP400
BR,2014-09-30,2018-06-18,SP400
BRBR,2022-03-14,2024-12-31,SP400
BRCD,2014-09-30,2017-11-22,SP400
BRKR,2021-12-02,2024-12-31,SP400
BRKS,2021-01-07,2024-12-31,SP400
BRO,2014-09-30,2021-09-20,SP400
BRX,2019-02-06,2024-12-31,SP400
BURL,2023-11-07,2024-12-31,SP400
BWLD,2014-09-30,2018-02-05,SP400
BWXT,2023-06-19,2024-12-31,SP400
BYD,2018-02-13,2024-12-31,SP400
CAA,2014-09-30,2018-02-13,SP400
CAB,2014-09-30,2017-09-26,SP400
CABO,2014-09-30,2024-04-22,SP400
CACI,2014-09-30,2024-12-31,SP400
CADE,2014-09-30,2024-12-31,SP400
CAKE,2014-09-30,2020-06-22,SP400
CALX,2022-01-04,2024-03-18,SP400
CAR,2016-09-16,2024-12-31,SP400
CARS,2017-06-02,2019-09-23,SP400
CART,2025-01-14,2024-12-31,SP400
CASY,2015-06-25,2024-12-31,SP400
CATY,2014-09-30,2023-09-18,SP400
CAVA,2025-03-31,2024-12-31,SP400
CBOE,2014-09-30,2017-03-01,SP400
CBRL,2015-06-29,2023-03-20,SP400
CBSH,2014-09-30,2024-12-31,SP400
CBT,2014-09-30,2024-12-31,SP400
CC,2014-09-30,2016-02-01,SP400
CC,2017-01-04,2025-03-24,SP400
CCK,2023-06-19,2024-12-31,SP400
CCMP,2019-12-02,2022-07-07,SP400
CCP,2014-09-30,2017-08-17,SP400
CDAY,2019-10-30,2021-09-20,SP400
CDK,2014-09-30,2022-07-06,SP400
CDNS,2014-09-30,2017-09-18,SP400
CDP,2014-09-30,2024-12-31,SP400
CEB,2014-09-30,2017-04-05,SP400
CELH,2022-08-10,2024-12-31,SP400
CFR,2014-09-30,2024-12-31,SP400
CG,2023-11-30,2024-12-31,SP400
CGNX,2014-09-30,2024-12-31,SP400
CHD,2014-09-30,2015-12-29,SP400
CHDN,2016-06-24,2024-12-31,SP400
CHE,2018-06-18,2024-12-31,SP400
CHFC,2016-09-01,2019-08-01,SP400
CHH,2019-12-10,2024-12-31,SP400
CHK,2018-03-19,2020-02-27,SP400
CHK,2023-08-21,2024-12-31,SP400
CHRD,2023-03-20,2024-12-31,SP400
CHS,2014-09-30,2017-07-19,SP400
CHWY,2024-11-06,2024-12-31,SP400
CHX,2014-09-30,2025-07-18,SP400
CIEN,2014-09-30,2024-12-31,SP400
CIT,2020-01-21,2022-01-04,SP400
CIVI,2023-09-29,2024-12-31,SP400
CLB,2017-07-12,2020-04-27,SP400
CLC,2014-09-30,2017-03-01,SP400
CLF,2014-09-30,2015-04-24,SP400
CLF,2021-03-01,2024-12-31,SP400
CLGX,2014-09-30,2021-06-09,SP400
CLH,2014-09-30,2024-12-31,SP400
CLI,2014-09-30,2020-09-21,SP400
CMA,2024-12-23,2024-12-31,SP400
CMC,2014-09-30,2024-12-31,SP400
CMD,2018-03-19,2021-06-02,SP400
CMP,2014-09-30,2022-02-01,SP400
CNH,2024-09-23,2024-12-31,SP400
CNK,2014-09-30,2021-08-30,SP400
CNL,2014-09-30,2016-04-14,SP400
CNM,2023-11-13,2024-12-31,SP400
CNO,2015-04-07,2024-12-31,SP400
CNX,2016-03-04,2024-12-31,SP400
CNXC,2020-12-01,2024-12-31,SP400
COHR,2017-03-20,2022-07-05,SP400
COKE,2022-07-20,2024-12-31,SP400
COLB,2023-03-01,2024-12-31,SP400
COLM,2019-12-17,2024-12-31,SP400
CONE,2017-03-01,2022-03-30,SP400
COR,2017-08-10,2021-12-28,SP400
COTY,2020-09-21,2024-12-31,SP400
CPE,2017-09-18,2019-09-26,SP400
CPRI,2021-01-07,2024-12-31,SP400
CPRT,2014-09-30,2018-07-02,SP400
CPT,2014-09-30,2022-04-04,SP400
CR,2023-04-04,2024-12-31,SP400
CRC,2014-09-30,2016-02-25,SP400
CRI,2014-09-30,2024-12-23,SP400
CRL,2014-09-30,2021-05-14,SP400
CRNC,2021-07-07,2022-03-14,SP400
CROX,2021-06-02,2024-12-31,SP400
CRS,2014-09-30,2020-08-03,SP400
CRS,2024-12-23,2024-12-31,SP400
CRUS,2016-09-21,2024-12-31,SP400
CSAL,2015-04-24,2024-12-31,SP400
CSC,2015-11-30,2017-04-04,SP400
CSL,2014-09-30,2024-12-31,SP400
CST,2014-09-30,2017-06-29,SP400
CTB,2017-02-13,2018-06-18,SP400
CTLT,2014-09-30,2020-09-21,SP400
CUBE,2022-12-19,2024-12-31,SP400
CUZ,2016-10-05,2024-12-31,SP400
CVET,2019-02-11,2019-10-30,SP400
CVG,2014-09-30,2018-10-10,SP400
CVLT,2014-09-30,2024-12-31,SP400
CW,2016-02-01,2024-12-31,SP400
CXT,2014-09-30,2024-12-31,SP400
CXW,2014-09-30,2020-08-17,SP400
CY,2014-09-30,2020-04-13,SP400
CYH,2014-09-30,2016-10-05,SP400
CYN,2014-09-30,2015-11-02,SP400
CYT,2014-09-30,2015-12-14,SP400
CYTK,2024-03-18,2024-12-31,SP400
CZR,2019-02-04,2020-07-24,SP400
DAN,2014-09-30,2023-06-19,SP400
DAR,2020-01-29,2024-12-31,SP400
DBD,2014-09-30,2018-05-10,SP400
DBX,2023-06-19,2024-12-31,SP400
DCI,2014-09-30,2024-12-31,SP400
DCT,2016-04-04,2018-08-22,SP400
DDD,2014-09-30,2018-05-10,SP400
DDS,2017-02-28,2020-06-22,SP400
DECK,2014-09-30,2024-03-18,SP400
DEI,2014-09-30,2023-06-19,SP400
DF,2014-09-30,2018-03-19,SP400
DHC,2014-09-30,2020-05-27,SP400
DINO,2014-09-30,2024-12-31,SP400
DKS,2014-09-30,2024-12-31,SP400
DLB,2023-08-22,2024-12-31,SP400
DLPH,2017-12-06,2020-10-07,SP400
DLX,2014-09-30,2020-08-03,SP400
DNB,2017-04-05,2019-02-11,SP400
DNKN,2015-04-27,2020-12-21,SP400
DNOW,2014-09-30,2020-06-22,SP400
DNR,2014-09-30,2017-03-20,SP400
DO,2016-09-30,2024-12-31,SP400
DOC,2020-05-18,2024-03-01,SP400
DOCS,2023-06-19,2024-12-31,SP400
DOCU,2024-10-11,2024-12-31,SP400
DPZ,2014-09-30,2020-05-06,SP400
DRC,2014-09-30,2015-06-29,SP400
DRE,2014-09-30,2017-07-26,SP400
DRQ,2014-09-30,2019-02-04,SP400
DST,2014-09-30,2018-04-19,SP400
DT,2022-09-19,2024-12-31,SP400
DTM,2021-07-02,2024-12-31,SP400
DUOL,2024-04-22,2024-12-31,SP400
DWA,2014-09-30,2016-08-26,SP400
DY,2016-08-19,2023-03-20,SP400
EAT,2014-09-30,2020-06-25,SP400
EBS,2020-07-24,2021-11-30,SP400
EDR,2016-05-27,2018-09-20,SP400
EEFT,2022-02-01,2024-12-31,SP400
EGP,2019-05-07,2024-12-31,SP400
EHC,2018-01-02,2024-12-31,SP400
ELF,2024-01-23,2024-12-31,SP400
ELS,2023-07-24,2024-12-31,SP400
ELY,2021-06-15,2024-12-31,SP400
EME,2016-06-30,2024-12-31,SP400
ENDP,2017-03-02,2018-06-18,SP400
ENH,2015-07-30,2017-03-29,SP400
ENOV,2014-09-30,2025-01-14,SP400
ENPH,2020-04-27,2021-01-07,SP400
ENR,2014-09-30,2023-09-18,SP400
ENS,2016-08-26,2024-12-31,SP400
ENSG,2024-10-01,2024-12-31,SP400
ENTG,2025-03-06,2024-12-31,SP400
ENV,2021-06-09,2023-11-07,SP400
EPC,2014-09-30,2021-03-22,SP400
EPR,2016-01-19,2024-12-31,SP400
EQH,2023-12-18,2024-12-31,SP400
EQT,2014-09-30,2022-10-03,SP400
EQY,2014-09-30,2017-03-02,SP400
ERI,2018-08-20,2024-12-31,SP400
ERIE,2023-08-08,2024-09-23,SP400
ESAB,2022-04-05,2024-12-31,SP400
ESNT,2020-05-26,2024-12-31,SP400
ETRN,2014-09-30,2024-07-22,SP400
ETSY,2019-09-23,2020-09-21,SP400
EV,2014-09-30,2021-03-01,SP400
EVR,2018-03-26,2024-12-31,SP400
EWBC,2014-09-30,2024-12-31,SP400
EXE,2014-09-30,2025-03-24,SP400
EXEL,2018-07-02,2024-12-31,SP400
EXLS,2022-10-03,2024-12-31,SP400
EXP,2014-09-30,2024-12-31,SP400
EXPO,2023-03-22,2024-12-31,SP400
EXR,2014-09-30,2016-01-19,SP400
FAF,2014-09-30,2024-12-31,SP400
FBHS,2014-09-30,2016-06-24,SP400
FBIN,2022-12-19,2024-12-31,SP400
FCFS,2019-09-23,2024-12-31,SP400
FCN,2014-09-30,2017-08-08,SP400
FCN,2019-10-24,2024-12-31,SP400
FCS,2014-09-30,2016-09-21,SP400
FDS,2014-09-30,2021-12-20,SP400
FFIN,2019-03-22,2024-12-31,SP400
FHI,2014-09-30,2024-12-31,SP400
FHN,2014-09-30,2024-12-31,SP400
FICO,2014-09-30,2023-03-20,SP400
FIVE,2018-04-19,2024-12-31,SP400
FIX,2023-12-18,2024-12-31,SP400
FL,2014-09-30,2016-04-04,SP400
FLEX,2024-11-25,2024-12-31,SP400
FLG,2014-09-30,2024-12-31,SP400
FLO,2014-09-30,2024-12-31,SP400
FLR,2019-06-04,2024-12-31,SP400
FLS,2021-03-22,2024-12-31,SP400
FMER,2014-09-30,2016-08-19,SP400
FN,2024-09-23,2024-12-31,SP400
FNB,2016-02-09,2024-12-31,SP400
FND,2023-10-20,2024-12-31,SP400
FNF,2023-09-18,2024-12-31,SP400
FNFG,2014-09-30,2016-07-29,SP400
FOSL,2016-01-05,2017-03-20,SP400
FOUR,2024-11-20,2024-12-31,SP400
FOXF,2020-09-21,2024-04-03,SP400
FR,2014-09-30,2024-12-31,SP400
FRT,2014-09-30,2016-02-01,SP400
FSLR,2017-03-20,2022-12-19,SP400
FTNT,2014-09-30,2018-10-11,SP400
FTR,2017-03-20,2017-12-06,SP400
FULT,2014-09-30,2023-06-19,SP400
FYBR,2022-10-03,2024-12-31,SP400
G,2021-05-03,2024-12-31,SP400
GAP,2014-09-30,2024-12-31,SP400
GATX,2014-09-30,2024-12-31,SP400
GBCI,2020-06-22,2024-12-31,SP400
GDDY,2023-09-18,2024-06-24,SP400
GDOT,2019-01-18,2020-01-31,SP400
GEF,2014-09-30,2024-12-31,SP400
GEO,2017-03-16,2020-11-13,SP400
GES,2014-09-30,2016-11-01,SP400
GGG,2014-09-30,2024-12-31,SP400
GHC,2014-09-30,2024-12-31,SP400
GLPI,2023-09-18,2024-12-31,SP400
GME,2016-04-22,2024-12-31,SP400
GMED,2014-09-30,2024-12-31,SP400
GNRC,2020-02-07,2021-03-22,SP400
GNTX,2014-09-30,2024-12-31,SP400
GNW,2015-11-18,2021-05-03,SP400
GO,2020-06-25,2024-06-24,SP400
GPK,2023-06-19,2024-12-31,SP400
GPN,2014-09-30,2016-04-22,SP400
GPOR,2014-09-30,2018-12-12,SP400
GPS,2022-02-03,2024-12-31,SP400
GRUB,2014-09-30,2021-06-15,SP400
GT,2014-09-30,2024-12-31,SP400
GTLS,2022-03-30,2024-12-31,SP400
GTM,2014-09-30,2024-12-31,SP400
GVA,2014-09-30,2019-12-13,SP400
GWR,2014-09-30,2019-12-26,SP400
GWRE,2025-01-27,2024-12-31,SP400
GXO,2021-08-02,2024-12-31,SP400
GXP,2014-09-30,2018-06-05,SP400
H,2023-10-12,2024-12-31,SP400
HAE,2018-06-18,2024-12-31,SP400
HAIN,2014-09-30,2022-10-03,SP400
HALO,2020-11-13,2024-12-31,SP400
HBI,2021-12-20,2023-03-20,SP400
HCSG,2018-02-05,2021-09-20,SP400
HE,2014-09-30,2023-09-18,SP400
HELE,2014-09-30,2024-09-23,SP400
HFC,2014-09-30,2018-06-18,SP400
HFC,2021-06-04,2024-12-31,SP400
HGV,2023-03-20,2024-12-31,SP400
HII,2014-09-30,2018-01-03,SP400
HIMS,2025-03-24,2024-12-31,SP400
HIW,2014-09-30,2023-09-18,SP400
HLI,2023-12-18,2024-12-31,SP400
HLNE,2024-09-23,2024-12-31,SP400
HLS,2016-11-03,2018-01-02,SP400
HNI,2014-09-30,2021-02-16,SP400
HOG,2020-06-22,2024-12-31,SP400
HOMB,2017-06-02,2024-12-31,SP400
HPP,2020-05-27,2022-09-19,SP400
HQY,2018-09-17,2024-12-31,SP400
HR,2016-03-07,2022-07-21,SP400
HRB,2020-09-21,2024-12-31,SP400
HRC,2014-09-30,2021-12-20,SP400
HSNI,2014-09-30,2018-01-02,SP400
HTA,2022-07-21,2024-12-31,SP400
HTZ,2023-03-20,2024-06-24,SP400
HUBB,2014-09-30,2023-10-18,SP400
HWC,2014-09-30,2024-12-31,SP400
HXL,2020-06-22,2024-12-31,SP400
IAA,2020-08-03,2023-03-22,SP400
IART,2018-06-05,2024-06-24,SP400
IBKR,2018-01-02,2024-12-31,SP400
IBOC,2014-09-30,2024-12-31,SP400
ICUI,2018-03-19,2023-11-30,SP400
IDA,2014-09-30,2024-12-31,SP400
IDCC,2014-09-30,2021-04-12,SP400
IDTI,2014-09-30,2019-04-01,SP400
IDXX,2014-09-30,2017-01-04,SP400
IIVI,2019-09-26,2024-12-31,SP400
ILG,2017-09-18,2018-09-04,SP400
ILMN,2024-06-24,2024-12-31,SP400
INCR,2017-04-05,2024-12-31,SP400
INGN,2014-09-30,2019-09-18,SP400
INGR,2014-09-30,2024-12-31,SP400
INT,2014-09-30,2021-08-04,SP400
IPGP,2014-09-30,2018-03-07,SP400
IPGP,2022-06-21,2024-12-31,SP400
IRDM,2021-02-12,2024-12-31,SP400
IRT,2022-05-19,2024-12-31,SP400
ISCA,2014-09-30,2019-10-18,SP400
ISIL,2014-09-30,2017-02-28,SP400
IT,2014-09-30,2017-04-05,SP400
ITT,2014-09-30,2024-12-31,SP400
JACK,2014-09-30,2022-02-03,SP400
JAH,2014-09-30,2016-04-18,SP400
JAZZ,2020-09-21,2024-12-31,SP400
JBGS,2017-07-19,2023-03-20,SP400
JBL,2014-09-30,2023-12-18,SP400
JBLU,2014-09-30,2023-09-18,SP400
JCOM,2015-12-14,2024-12-31,SP400
JCP,2014-09-30,2017-06-02,SP400
JEF,2019-09-26,2024-12-31,SP400
JHG,2014-09-30,2024-12-31,SP400
JLL,2014-09-30,2024-12-31,SP400
JOY,2014-09-30,2017-04-06,SP400
JWN,2020-06-22,2025-05-22,SP400
KAR,2019-09-23,2021-12-02,SP400
KATE,2014-09-30,2017-07-12,SP400
KBH,2014-09-30,2024-12-31,SP400
KBR,2014-09-30,2024-12-31,SP400
KD,2021-11-05,2024-12-31,SP400
KEX,2014-09-30,2024-12-31,SP400
KLXI,2014-09-30,2018-09-18,SP400
KMPR,2014-09-30,2024-12-31,SP400
KMT,2014-09-30,2023-03-20,SP400
KN,2014-09-30,2018-05-02,SP400
KNF,2023-06-01,2024-12-31,SP400
KNSL,2020-12-29,2024-12-31,SP400
KNX,2017-07-12,2024-12-31,SP400
KRC,2014-09-30,2024-12-31,SP400
KRG,2021-10-22,2024-12-31,SP400
KSS,2020-09-21,2023-10-03,SP400
LAD,2020-09-01,2024-12-31,SP400
LAMR,2014-09-30,2024-12-31,SP400
LANC,2014-09-30,2024-12-31,SP400
LEA,2019-12-13,2024-12-31,SP400
LECO,2014-09-30,2024-12-31,SP400
LEG,2021-12-20,2024-06-24,SP400
LFUS,2016-11-28,2024-12-31,SP400
LGND,2014-09-30,2021-09-07,SP400
LHCG,2020-04-13,2023-02-23,SP400
LII,2014-09-30,2024-12-23,SP400
LITE,2018-04-04,2024-12-31,SP400
LIVN,2014-09-30,2024-12-31,SP400
LKQ,2014-09-30,2016-05-23,SP400
LM,2014-09-30,2020-08-03,SP400
LNCE,2016-02-25,2018-03-26,SP400
LNT,2014-09-30,2016-06-30,SP400
LNTH,2022-10-12,2024-12-31,SP400
LNW,2014-09-30,2024-12-31,SP400
LOGM,2017-02-02,2020-09-01,SP400
LOPE,2019-12-13,2024-12-31,SP400
LPNT,2014-09-30,2018-11-06,SP400
LPT,2014-09-30,2020-01-29,SP400
LPX,2014-09-30,2024-12-31,SP400
LSCC,2021-04-20,2024-12-31,SP400
LSI,2014-09-30,2023-07-24,SP400
LSTR,2014-09-30,2024-12-31,SP400
LTM,2014-09-30,2015-06-10,SP400
LW,2016-11-10,2024-12-31,SP400
LXK,2014-09-30,2016-11-28,SP400
LYV,2014-09-30,2019-12-13,SP400
M,2021-12-20,2024-12-31,SP400
MAC,2019-12-13,2023-06-19,SP400
MAN,2014-09-30,2024-12-31,SP400
MANH,2015-06-10,2024-12-31,SP400
MASI,2017-03-20,2024-12-31,SP400
MAT,2019-06-07,2024-12-31,SP400
MBFI,2016-07-29,2019-03-22,SP400
MCY,2014-09-30,2022-09-19,SP400
MD,2014-09-30,2020-11-13,SP400
MDP,2014-09-30,2020-04-27,SP400
MDR,2018-05-10,2019-09-23,SP400
MDRX,2014-09-30,2020-06-22,SP400
MDSO,2017-06-26,2019-10-24,SP400
MDU,2014-09-30,2024-10-11,SP400
MEDP,2020-09-21,2024-12-31,SP400
MENT,2014-09-30,2017-04-03,SP400
MIDD,2020-06-22,2024-12-31,SP400
MIK,2017-03-29,2019-09-23,SP400
MIME,2021-08-30,2022-05-19,SP400
MKSI,2017-11-22,2024-12-31,SP400
MKTX,2015-11-02,2019-07-01,SP400
MLI,2024-11-26,2024-12-31,SP400
MLKN,2014-09-30,2022-10-18,SP400
MMS,2014-09-30,2024-12-31,SP400
MNK,2017-07-26,2019-09-23,SP400
MODG,2014-09-30,2023-12-18,SP400
MOH,2014-09-30,2022-03-02,SP400
MORN,2023-09-18,2024-12-31,SP400
MP,2022-07-27,2024-09-23,SP400
MPW,2016-05-23,2024-03-18,SP400
MPWR,2016-09-02,2021-02-12,SP400
MRCY,2019-10-08,2023-08-21,SP400
MSA,2014-09-30,2024-12-31,SP400
MSCC,2016-01-19,2018-05-31,SP400
MSCI,2014-09-30,2018-04-04,SP400
MSM,2014-09-30,2024-12-31,SP400
MTD,2014-09-30,2016-09-02,SP400
MTDR,2017-06-02,2020-06-22,SP400
MTDR,2022-04-04,2024-12-31,SP400
MTG,2020-11-13,2024-12-31,SP400
MTN,2023-09-18,2024-12-31,SP400
MTSI,2022-08-17,2024-12-31,SP400
MTX,2014-09-30,2022-09-19,SP400
MTZ,2018-11-12,2024-12-31,SP400
MUR,2017-07-26,2024-12-31,SP400
MUSA,2014-09-30,2024-12-31,SP400
NAN,2018-11-14,2020-12-01,SP400
NAN,2020-12-02,2021-08-02,SP400
NAN,2021-08-03,2022-04-05,SP400
NAN,2022-04-06,2022-11-01,SP400
NAN,2022-11-02,2023-04-04,SP400
NAN,2023-04-05,2023-10-02,SP400
NAN,2023-10-03,2024-12-31,SP400
NARI,2022-05-03,2024-04-01,SP400
NATI,2014-09-30,2023-10-12,SP400
NAVI,2018-06-05,2023-06-19,SP400
NBIX,2021-03-30,2024-12-31,SP400
NBR,2014-09-30,2018-12-10,SP400
NDSN,2014-09-30,2022-02-15,SP400
NE,2014-09-30,2017-05-16,SP400
NEOG,2020-10-07,2025-03-24,SP400
NEU,2014-09-30,2024-12-31,SP400
NFG,2014-09-30,2024-12-31,SP400
NGVT,2014-09-30,2023-06-19,SP400
NJR,2016-03-08,2024-12-31,SP400
NKTR,2019-10-03,2021-12-20,SP400
NLY,2022-09-19,2024-12-31,SP400
NNN,2014-09-30,2024-12-31,SP400
NOV,2021-09-20,2024-12-31,SP400
NOVT,2022-07-26,2024-12-31,SP400
NSA,2021-05-14,2024-12-31,SP400
NSP,2018-11-06,2024-12-31,SP400
NSR,2014-09-30,2017-08-10,SP400
NTCT,2014-09-30,2021-11-05,SP400
NUS,2017-03-02,2022-12-01,SP400
NUVA,2014-09-30,2022-12-19,SP400
NVR,2014-09-30,2019-09-26,SP400
NVST,2021-04-12,2024-12-31,SP400
NVT,2018-05-02,2024-12-31,SP400
NWE,2014-09-30,2024-12-31,SP400
NXST,2022-12-01,2024-12-31,SP400
NXT,2024-06-24,2024-12-31,SP400
NYT,2014-09-30,2024-12-31,SP400
OA,2014-09-30,2018-06-11,SP400
OAS,2018-05-01,2019-12-13,SP400
OC,2019-09-23,2024-12-31,SP400
ODFL,2014-09-30,2019-12-02,SP400
OGE,2014-09-30,2024-12-31,SP400
OGS,2014-09-30,2024-12-31,SP400
OHI,2014-09-30,2024-12-31,SP400
OI,2014-09-30,2021-03-30,SP400
OII,2014-09-30,2019-10-30,SP400
OIS,2014-09-30,2017-10-02,SP400
OKTA,2025-05-01,2024-12-31,SP400
OLED,2018-12-10,2024-12-31,SP400
OLLI,2018-06-11,2024-12-31,SP400
OLN,2014-09-30,2024-12-31,SP400
OMCL,2022-07-05,2023-09-18,SP400
OMI,2014-09-30,2018-03-19,SP400
ONB,2022-02-18,2024-12-31,SP400
ONTO,2023-10-18,2024-12-31,SP400
OPCH,2021-08-30,2024-12-31,SP400
ORA,2022-07-07,2024-12-31,SP400
ORI,2014-09-30,2024-12-31,SP400
OSK,2014-09-30,2024-12-31,SP400
OVV,2023-06-19,2024-12-31,SP400
OZK,2014-09-30,2024-12-31,SP400
OZRK,2015-05-29,2024-12-31,SP400
PACW,2014-09-30,2023-04-05,SP400
PAG,2023-08-04,2024-12-31,SP400
PAY,2014-09-30,2018-08-20,SP400
PB,2014-09-30,2024-12-31,SP400
PBF,2017-04-28,2020-09-21,SP400
PBF,2022-12-01,2024-12-31,SP400
PBH,2016-04-14,2021-01-29,SP400
PBI,2017-03-01,2019-04-03,SP400
PCH,2014-09-30,2024-12-31,SP400
PCTY,2020-04-27,2024-12-31,SP400
PDCE,2022-02-15,2023-08-08,SP400
PDCO,2018-03-19,2024-01-05,SP400
PEB,2014-09-30,2023-03-20,SP400
PEGA,2025-05-22,2024-12-31,SP400
PEN,2019-09-23,2024-12-31,SP400
PENN,2018-10-10,2021-03-22,SP400
PENN,2022-09-19,2024-06-24,SP400
PFGC,2021-09-03,2024-12-31,SP400
PGNY,2021-04-20,2024-09-23,SP400
PII,2014-09-30,2024-12-31,SP400
PK,2019-09-18,2024-12-31,SP400
PKG,2014-09-30,2017-07-26,SP400
PLCM,2014-09-30,2016-09-30,SP400
PLNT,2023-06-19,2024-12-31,SP400
PLT,2014-09-30,2019-12-10,SP400
PNFP,2017-06-19,2024-12-31,SP400
PNRA,2014-09-30,2017-07-12,SP400
POOL,2016-01-27,2020-10-07,SP400
POR,2022-06-29,2024-12-31,SP400
POST,2014-09-30,2024-12-31,SP400
POWI,2021-12-20,2024-12-31,SP400
PPC,2019-09-23,2024-12-31,SP400
PR,2023-09-18,2024-12-31,SP400
PRAH,2018-05-31,2021-07-02,SP400
PRG,2014-09-30,2022-04-06,SP400
PRGO,2021-09-20,2024-12-31,SP400
PRI,2014-09-30,2024-12-31,SP400
PRSP,2014-09-30,2021-05-07,SP400
PRXL,2014-09-30,2017-10-02,SP400
PSB,2014-09-30,2022-07-20,SP400
PSN,2024-09-23,2024-12-31,SP400
PSTG,2024-01-05,2024-12-31,SP400
PTC,2014-09-30,2021-04-20,SP400
PTEN,2014-09-30,2020-05-26,SP400
PVH,2022-09-19,2024-12-31,SP400
PVTB,2016-03-01,2017-06-26,SP400
PZZA,2014-09-30,2023-09-18,SP400
QCP,2016-11-01,2018-08-01,SP400
QDEL,2020-06-22,2024-07-26,SP400
QEP,2014-09-30,2019-09-23,SP400
QLYS,2020-06-22,2024-12-31,SP400
QRVO,2014-09-30,2015-06-11,SP400
R,2017-06-19,2024-12-31,SP400
RAMP,2014-09-30,2022-06-21,SP400
RAX,2014-09-30,2016-11-03,SP400
RBA,2024-06-24,2024-12-31,SP400
RBC,2023-09-18,2024-12-31,SP400
RCII,2014-09-30,2016-02-09,SP400
RCM,2021-05-07,2024-11-20,SP400
RE,2014-09-30,2017-06-19,SP400
REG,2014-09-30,2017-03-02,SP400
REXR,2020-08-03,2024-12-31,SP400
REZI,2014-09-30,2020-06-22,SP400
RGA,2014-09-30,2024-12-31,SP400
RGEN,2019-09-23,2024-12-31,SP400
RGLD,2014-09-30,2024-12-31,SP400
RH,2016-04-06,2017-02-03,SP400
RH,2019-12-26,2024-12-31,SP400
RIG,2017-07-26,2020-09-21,SP400
RJF,2014-09-30,2017-03-20,SP400
RLGY,2018-09-20,2019-06-04,SP400
RLI,2019-11-27,2024-12-31,SP400
RMBS,2023-12-18,2024-12-31,SP400
RMD,2014-09-30,2017-07-26,SP400
RNR,2014-09-30,2024-12-31,SP400
ROIV,2024-04-01,2024-12-31,SP400
ROVI,2014-09-30,2015-11-18,SP400
RPM,2014-09-30,2024-12-31,SP400
RRC,2018-06-18,2019-09-23,SP400
RRC,2022-03-02,2024-12-31,SP400
RRD,2014-09-30,2016-09-27,SP400
RRX,2014-09-30,2024-12-31,SP400
RS,2014-09-30,2024-12-31,SP400
RUN,2020-08-03,2024-04-01,SP400
RVBD,2014-09-30,2015-04-27,SP400
RXO,2022-11-01,2023-01-05,SP400
RYAN,2024-06-28,2024-12-31,SP400
RYN,2014-09-30,2024-12-31,SP400
SABR,2017-04-19,2022-12-01,SP400
SAFM,2017-09-26,2022-07-27,SP400
SAIA,2021-08-30,2024-12-31,SP400
SAIC,2014-09-30,2024-12-31,SP400
SAIL,2020-10-05,2022-08-17,SP400
SAM,2014-09-30,2024-12-31,SP400
SATS,2025-03-24,2024-12-31,SP400
SBH,2016-09-27,2020-10-05,SP400
SBNY,2014-09-30,2021-12-20,SP400
SBRA,2017-08-17,2024-12-31,SP400
SCI,2014-09-30,2024-12-31,SP400
SCOR,2016-02-01,2017-02-13,SP400
SEDG,2019-10-18,2021-12-20,SP400
SEIC,2014-09-30,2024-12-31,SP400
SF,2014-09-30,2024-12-31,SP400
SFG,2014-09-30,2016-03-08,SP400
SFM,2016-02-09,2024-12-31,SP400
SGI,2014-09-30,2024-12-31,SP400
SGMS,2018-01-03,2024-12-31,SP400
SHC,2022-06-21,2024-12-31,SP400
SIG,2018-03-19,2019-09-23,SP400
SIGI,2019-09-23,2024-12-31,SP400
SIRO,2014-09-30,2016-03-01,SP400
SITM,2021-11-30,2023-06-19,SP400
SIVB,2014-09-30,2018-03-19,SP400
SIX,2017-10-02,2022-07-26,SP400
SKT,2014-09-30,2020-01-21,SP400
SKX,2014-09-30,2024-12-31,SP400
SLAB,2014-09-30,2024-12-31,SP400
SLG,2021-03-22,2023-03-20,SP400
SLGN,2014-09-30,2024-12-31,SP400
SLH,2014-09-30,2016-03-04,SP400
SLM,2014-09-30,2024-12-31,SP400
SLXP,2014-09-30,2015-04-07,SP400
SM,2014-09-30,2019-07-09,SP400
SMCI,2022-12-22,2024-03-18,SP400
SMG,2014-09-30,2024-12-31,SP400
SMTC,2014-09-30,2022-12-19,SP400
SNPS,2014-09-30,2017-03-16,SP400
SNV,2014-09-30,2024-12-31,SP400
SNX,2015-12-29,2024-12-31,SP400
SON,2014-09-30,2024-12-31,SP400
SPN,2014-09-30,2018-11-14,SP400
SPWR,2021-10-05,2023-06-19,SP400
SR,2014-09-30,2024-12-31,SP400
SRC,2019-07-09,2024-01-23,SP400
SRCL,2014-09-30,2024-11-06,SP400
SRPT,2024-06-03,2024-12-31,SP400
SSB,2023-03-20,2024-12-31,SP400
SSD,2020-10-07,2024-12-31,SP400
ST,2023-09-18,2024-12-31,SP400
STAA,2021-01-29,2023-08-22,SP400
STAG,2023-05-04,2024-12-31,SP400
STE,2014-09-30,2019-12-13,SP400
STL,2017-10-02,2022-02-01,SP400
STLD,2014-09-30,2022-12-22,SP400
STOR,2020-05-06,2023-02-06,SP400
STR,2014-09-30,2016-09-16,SP400
STRA,2020-06-22,2021-08-03,SP400
STWD,2023-03-20,2024-12-31,SP400
SUNE,2014-09-30,2016-04-04,SP400
SVC,2014-09-30,2021-06-04,SP400
SVU,2014-09-30,2016-09-01,SP400
SWAV,2022-06-21,2024-06-03,SP400
SWI,2014-09-30,2016-02-09,SP400
SWN,2017-04-04,2019-12-13,SP400
SWN,2022-07-06,2024-10-01,SP400
SWX,2016-06-30,2024-12-31,SP400
SXT,2014-09-30,2023-09-18,SP400
SYNA,2014-09-30,2024-12-31,SP400
SYNH,2014-09-30,2023-09-29,SP400
TCBI,2017-03-29,2024-12-31,SP400
TCF,2014-09-30,2021-06-09,SP400
TCO,2014-09-30,2020-12-29,SP400
TDC,2017-06-19,2025-03-24,SP400
TDS,2014-09-30,2021-12-20,SP400
TDY,2014-09-30,2020-06-22,SP400
TECD,2014-09-30,2020-06-30,SP400
TECH,2014-09-30,2021-08-30,SP400
TER,2014-09-30,2020-09-21,SP400
TEX,2014-09-30,2024-12-31,SP400
TFX,2014-09-30,2019-01-18,SP400
TGI,2014-09-30,2017-02-02,SP400
TGNA,2017-06-02,2024-09-23,SP400
THC,2016-04-18,2024-12-31,SP400
THG,2014-09-30,2024-12-31,SP400
THO,2014-09-30,2024-12-31,SP400
THS,2014-09-30,2021-09-03,SP400
TIME,2014-09-30,2017-06-02,SP400
TKO,2014-09-30,2025-03-24,SP400
TKR,2014-09-30,2024-12-31,SP400
TLN,2015-06-01,2024-12-31,SP400
TMHC,2020-01-31,2024-12-31,SP400
TMST,2014-09-30,2015-07-30,SP400
TNDM,2021-09-20,2023-03-20,SP400
TNL,2014-09-30,2024-12-31,SP400
TOL,2014-09-30,2024-12-31,SP400
TPH,2014-09-30,2022-05-03,SP400
TPL,2024-06-24,2024-11-26,SP400
TR,2014-09-30,2021-12-20,SP400
TREE,2018-03-08,2021-10-22,SP400
TREX,2019-04-01,2024-12-31,SP400
TRGP,2021-06-09,2022-10-12,SP400
TRIP,2019-12-13,2023-09-18,SP400
TRMB,2014-09-30,2021-01-21,SP400
TRMK,2014-09-30,2021-08-30,SP400
TRN,2014-09-30,2022-06-21,SP400
TTC,2014-09-30,2024-12-31,SP400
TTEK,2019-08-01,2024-12-31,SP400
TTWO,2017-03-20,2018-03-19,SP400
TUP,2014-09-30,2019-09-23,SP400
TW,2014-09-30,2016-01-05,SP400
TXNM,2014-09-30,2024-12-31,SP400
TXRH,2016-05-12,2024-12-31,SP400
TYL,2014-09-30,2020-06-22,SP400
UA,2022-06-21,2024-12-31,SP400
UAA,2022-06-21,2024-12-31,SP400
UBSI,2017-04-12,2024-12-31,SP400
UDR,2014-09-30,2016-03-07,SP400
UE,2014-09-30,2022-02-18,SP400
UFPI,2023-02-23,2024-12-31,SP400
UFS,2014-09-30,2021-04-20,SP400
UGI,2014-09-30,2024-12-31,SP400
ULTI,2014-09-30,2019-05-07,SP400
UMBF,2014-09-30,2024-12-31,SP400
UMPQ,2014-09-30,2023-03-01,SP400
UNFI,2014-09-30,2018-11-12,SP400
UNIT,2014-09-30,2019-12-17,SP400
UNM,2021-09-20,2024-12-31,SP400
UNT,2014-09-30,2015-07-01,SP400
UNVR,2020-06-22,2023-08-04,SP400
URBN,2017-03-20,2022-06-21,SP400
USFD,2023-03-20,2024-12-31,SP400
UTHR,2014-09-30,2024-12-31,SP400
VAC,2018-09-04,2024-12-31,SP400
VAL,2014-09-30,2017-06-02,SP400
VAL,2023-03-20,2024-12-31,SP400
VC,2018-07-11,2024-12-31,SP400
VFC,2025-03-24,2024-12-31,SP400
VICR,2021-12-20,2023-10-20,SP400
VLY,2014-09-30,2024-12-31,SP400
VMI,2014-09-30,2024-12-31,SP400
VNO,2023-01-05,2024-12-31,SP400
VNOM,2024-09-23,2024-12-31,SP400
VNT,2021-03-22,2024-12-31,SP400
VOYA,2021-12-28,2024-12-31,SP400
VSAT,2016-05-03,2023-03-20,SP400
VSCO,2021-08-04,2023-06-19,SP400
VSH,2014-09-30,2024-12-23,SP400
VSM,2016-10-03,2019-10-08,SP400
VST,2023-09-18,2024-05-03,SP400
VSTO,2014-09-30,2017-03-20,SP400
VSTS,2023-10-02,2023-12-18,SP400
VVC,2014-09-30,2019-02-06,SP400
VVV,2017-05-16,2024-12-31,SP400
VYX,2014-09-30,2024-01-02,SP400
WAFD,2014-09-30,2023-03-20,SP400
WAL,2024-09-23,2024-12-31,SP400
WBMD,2016-04-04,2017-09-18,SP400
WBS,2014-09-30,2024-12-31,SP400
WCC,2023-06-19,2024-12-31,SP400
WCG,2014-09-30,2018-09-17,SP400
WDR,2014-09-30,2017-04-28,SP400
WEN,2014-09-30,2024-12-31,SP400
WERN,2014-09-30,2024-06-24,SP400
WETF,2015-06-11,2017-03-29,SP400
WEX,2014-09-30,2024-12-31,SP400
WFRD,2023-09-18,2024-12-31,SP400
WGL,2014-09-30,2018-07-11,SP400
WH,2014-09-30,2024-12-31,SP400
WHR,2024-03-18,2024-12-31,SP400
WIN,2014-09-30,2015-06-01,SP400
WING,2020-09-21,2024-12-31,SP400
WLK,2022-10-18,2024-12-31,SP400
WLY,2014-09-30,2023-06-19,SP400
WMG,2024-06-24,2024-12-31,SP400
WMS,2023-03-20,2024-12-31,SP400
WNR,2014-09-30,2017-06-02,SP400
WOLF,2014-09-30,2024-09-23,SP400
WOOF,2014-09-30,2017-09-18,SP400
WOR,2014-09-30,2023-11-30,SP400
WPC,2023-11-30,2024-12-31,SP400
WPG,2014-09-30,2018-05-01,SP400
WPX,2014-09-30,2021-01-07,SP400
WR,2014-09-30,2018-06-05,SP400
WRB,2014-09-30,2019-11-27,SP400
WRI,2014-09-30,2021-08-04,SP400
WSM,2014-09-30,2025-03-24,SP400
WSO,2014-09-30,2024-12-31,SP400
WST,2014-09-30,2020-05-18,SP400
WTFC,2017-04-03,2024-12-31,SP400
WTRG,2014-09-30,2024-12-31,SP400
WTS,2022-02-01,2024-12-31,SP400
WTW,2018-09-18,2024-12-31,SP400
WU,2021-12-20,2024-12-31,SP400
WW,2014-09-30,2021-09-20,SP400
WWAV,2014-09-30,2017-04-12,SP400
WWD,2014-09-30,2024-12-31,SP400
WWE,2018-08-01,2024-12-31,SP400
WYND,2018-05-31,2024-12-31,SP400
X,2014-09-30,2025-06-24,SP400
XEC,2020-02-27,2021-10-05,SP400
XLS,2014-09-30,2015-05-29,SP400
XPO,2014-09-30,2024-12-31,SP400
XRAY,2024-04-03,2024-12-31,SP400
XRX,2021-03-22,2023-09-18,SP400
Y,2014-09-30,2022-10-20,SP400
YELP,2018-12-12,2022-06-21,SP400
YETI,2021-01-21,2024-12-31,SP400
ZBRA,2014-09-30,2019-12-13,SP400
ZD,2014-09-30,2024-09-23,SP400
ZI,2023-06-19,2024-12-31,SP400
ZION,2024-03-18,2024-12-31,SP400
